,link,name,main_link,proposal_min,proposal_max,proposal_currency
1,/vakansii/data-scientist-34345797.html,Data Scientist,https://www.superjob.ru,120000,150000,руб.
2,/vakansii/programmist-34308964.html,Программист / Разработчик 1С,https://www.superjob.ru,130000,,руб.
3,/vakansii/product-technical-specialist-34468513.html,Product Technical Specialist,https://www.superjob.ru,по,,договорённости
4,/vakansii/programmist-1s-34380213.html,Программист 1С,https://www.superjob.ru,130000,,руб.
